#{"t_start": 1790791968.23544, "env_id": "None"}
r,l,t
-51.45586,100,16.676088
-62.579854,100,30.095881
-20.938143,100,36.955312
-60.04089,100,48.204617
-19.768216,100,58.40706
-125.395699,100,70.574077
-38.449018,100,80.099024
-56.651793,100,93.103802
-155.280402,100,105.364534
-9.08834,100,109.196702
-11.517903,100,123.307934
-129.581239,100,131.826385
72.776679,100,136.42936
-122.290156,100,147.531704
-118.963388,100,162.439284
-82.451512,100,175.796809
-14.917528,100,182.511159
16.732213,100,191.989803
-44.331607,100,199.528845
-25.927522,100,204.620302
-14.224417,100,318.230019
-124.925238,100,325.555468
57.485361,100,331.711917
-162.829419,100,343.98346
-27.531179,100,351.301545
-73.132958,100,358.609142
-64.587791,100,368.935868
-31.831939,100,383.008812
-12.510422,100,391.049785
-191.618453,100,404.196263
-94.38351,100,409.286466
15.347719,100,418.160757
-229.598532,100,429.265598
-31.94512,100,433.631954
-55.518218,100,440.476195
-174.606734,100,447.487868
10.905877,100,453.791245
-62.85616,100,458.885909
-211.510205,100,469.235285
-23.248168,100,479.522977
-131.634329,100,554.651998
-116.778064,100,562.354244
-127.914868,100,575.186052
60.210093,100,582.123487
-46.130939,100,599.245603
120.549467,100,601.321906
-183.163363,100,614.708318
-31.170936,100,619.305856
-19.406727,100,624.756329
-55.394866,100,633.002276
-135.440319,100,642.918938
-33.677578,100,650.989299
-40.326189,100,657.781789
-80.269432,100,670.16366
-139.80736,100,681.905148
-25.142623,100,688.291868
-126.557247,100,697.2013
-169.48274,100,709.783712
-52.466421,100,719.806975
-154.652414,100,729.167824
-27.106847,100,884.068809
-0.372344,100,896.154527
-6.711567,100,899.733121
-125.760927,100,909.566898
-32.80371,100,918.225365
10.988496,100,932.897529
-76.722513,100,936.767805
-166.291665,100,950.413329
-152.739707,100,963.860777
-137.582091,100,972.580319
18.737522,100,981.814564
-176.370014,100,989.655859
-103.697933,100,998.208547
-56.014022,100,1011.566516
-8.824252,100,1020.465853
-202.105139,100,1033.292885
-125.182636,100,1052.310688
-61.967292,100,1061.867973
-26.135014,100,1072.963096
-163.272172,100,1090.725566
-10.902546,100,1160.442942
-167.460666,100,1169.656633
75.689904,100,1175.414555
-10.826641,100,1180.421199
61.13268,100,1184.327648
-152.585984,100,1195.712052
-121.948211,100,1204.110405
-42.963297,100,1211.586998
19.471691,100,1216.484827
-133.896416,100,1226.621337
-59.107356,100,1237.259592
-25.213569,100,1243.274006
-255.443289,100,1252.668051
-106.498513,100,1258.865456
-58.052945,100,1265.861204
-11.72585,100,1275.462107
-37.116269,100,1287.455055
-82.665474,100,1296.160379
-115.962984,100,1301.301776
-86.618147,100,1310.623281
-29.659642,100,1389.28921
-0.359861,100,1393.235463
39.759456,100,1398.607841
-83.706052,100,1403.223775
-102.237444,100,1409.48048
10.265028,100,1415.899787
-133.25602,100,1426.702735
-182.908568,100,1432.984574
61.817691,100,1437.394177
-58.617548,100,1448.391592
-106.559724,100,1458.391771
124.605153,100,1462.637254
-19.387452,100,1467.566661
-59.284857,100,1476.911157
-121.115911,100,1483.990202
4.877528,100,1487.767241
-33.941631,100,1500.278407
-137.915643,100,1506.768248
-69.278648,100,1511.449109
-147.963414,100,1517.620425
-107.640389,100,1580.775231
-125.35028,100,1589.526419
-30.315978,100,1595.045634
-65.568077,100,1606.812852
-106.44271,100,1610.844437
-163.012599,100,1620.05761
-41.012601,100,1627.29374
26.036925,100,1631.373123
-51.421877,100,1638.161614
3.468871,100,1645.724883
74.148319,100,1649.766814
-57.42043,100,1655.780352
-89.459508,100,1662.937726
6.343935,100,1670.245403
-132.67975,100,1679.865327
-44.996858,100,1689.964095
-17.234297,100,1704.471676
-114.430973,100,1708.642191
-90.778618,100,1720.681859
-52.397991,100,1729.947413
-87.323903,100,1788.784723
-36.547273,100,1792.862868
-30.031392,100,1798.383517
-90.221891,100,1807.604101
-95.063706,100,1811.49196
24.370809,100,1819.153559
-76.005859,100,1825.556441
-97.935552,100,1834.337214
-166.023201,100,1840.666743
-104.444191,100,1854.450777
26.434484,100,1865.395402
57.121594,100,1872.580623
-42.340323,100,1878.987281
-85.277533,100,1891.305777
-121.685947,100,1897.330643
-21.302716,100,1905.416038
9.602739,100,1913.477836
-68.705374,100,1920.591839
86.928441,100,1925.181638
-31.89213,100,1928.11377
-70.217518,100,1983.173828
-137.511111,100,1991.243246
-117.036813,100,1998.10514
-58.755909,100,2009.853616
-15.988714,100,2017.651068
5.089311,100,2026.026398
-134.805189,100,2033.606453
-222.194723,100,2042.155727
5.437743,100,2048.473178
-127.595469,100,2059.72748
46.537273,100,2063.496334
66.027916,100,2071.118959
-74.910807,100,2079.111668
-205.061851,100,2088.320639
-127.199706,100,2093.772024
-16.021106,100,2100.991112
-140.897027,100,2110.944027
-32.080565,100,2116.468243
-124.469815,100,2122.277579
-9.407286,100,2126.47382
-65.668511,100,2198.203833
-40.24707,100,2207.250344
-114.035713,100,2217.402895
-16.843325,100,2220.963504
-197.19788,100,2234.590805
-62.240374,100,2244.4742
-117.49972,100,2253.289729
-125.715046,100,2259.141758
-19.658453,100,2264.711981
-61.54956,100,2272.445556
2.038255,100,2278.213351
-77.684993,100,2288.123604
71.782744,100,2292.360807
-59.78427,100,2300.981293
-100.889915,100,2309.467233
-37.817293,100,2322.209374
-127.826238,100,2331.530937
6.732852,100,2339.882074
-50.529002,100,2348.984455
-5.70458,100,2353.285318
-52.192546,100,2396.447981
-112.814689,100,2403.233913
11.306946,100,2408.705469
-1.635423,100,2415.440927
-151.392915,100,2459.159513
